id,sku,nombre,categoria,subcategoria,marca,precio,descuento_pct,stock,calificacion,num_resenas,imagen,descripcion,fecha_alta,etiquetas
1,TEC-0001,Audífonos inalámbricos Bluetooth Sonix,Tecnología,Audio,Sonix,320000,0,8,3.7,1512,001.png,Audífonos inalámbricos Bluetooth Sonix. Cancelación de ruido y 30 h de batería.,2026-06-16,"tecnologia,audio"
2,TEC-0002,Parlante portátil resistente al agua AudioMax,Tecnología,Audio,AudioMax,283000,0,0,3.4,451,002.png,Parlante portátil resistente al agua AudioMax. Sonido 360° y protección IPX7.,2026-02-02,"tecnologia,audio"
3,TEC-0003,Barra de sonido 2.1 Vibra,Tecnología,Audio,Vibra,578000,0,80,4.0,923,003.png,Barra de sonido 2.1 Vibra. Subwoofer inalámbrico y HDMI ARC.,2025-12-18,"tecnologia,audio"
4,TEC-0004,Micrófono USB de condensador Kordel,Tecnología,Audio,Kordel,363000,0,5,4.4,700,004.png,Micrófono USB de condensador Kordel. Ideal para streaming y podcasts.,2025-12-18,"tecnologia,audio"
5,TEC-0005,Teclado mecánico retroiluminado Nexus,Tecnología,Accesorios,Nexus,168000,20,35,3.5,1739,005.png,Teclado mecánico retroiluminado Nexus. Switches rojos y luz RGB.,2025-10-11,"tecnologia,accesorios"
6,TEC-0006,Mouse inalámbrico ergonómico TecnoPro,Tecnología,Accesorios,TecnoPro,151000,0,80,3.6,779,006.png,Mouse inalámbrico ergonómico TecnoPro. Sensor de 16000 DPI y batería recargable.,2026-07-10,"tecnologia,accesorios"
7,TEC-0007,Cargador rápido 65W GaN Arcus,Tecnología,Accesorios,Arcus,132000,20,3,3.5,470,007.png,Cargador rápido 65W GaN Arcus. Dos puertos USB-C y uno USB-A.,2025-12-06,"tecnologia,accesorios"
8,TEC-0008,Hub USB-C 7 en 1 Kordel,Tecnología,Accesorios,Kordel,238000,10,35,3.8,1305,008.png,"Hub USB-C 7 en 1 Kordel. HDMI 4K, lector SD y Ethernet.",2025-09-20,"tecnologia,accesorios"
9,TEC-0009,Bombillo inteligente WiFi RGB Arcus,Tecnología,Smart Home,Arcus,32000,20,12,4.5,1403,009.png,Bombillo inteligente WiFi RGB Arcus. Compatible con Alexa y Google Home.,2026-07-17,"tecnologia,smart-home"
10,TEC-0010,Cámara de seguridad WiFi 2K Nexus,Tecnología,Smart Home,Nexus,194000,0,8,3.6,781,010.png,Cámara de seguridad WiFi 2K Nexus. Visión nocturna y detección de movimiento.,2025-12-26,"tecnologia,smart-home"
11,TEC-0011,Enchufe inteligente Domus,Tecnología,Smart Home,Domus,79000,10,0,3.7,69,011.png,Enchufe inteligente Domus. Control por app y temporizador.,2025-11-09,"tecnologia,smart-home"
12,TEC-0012,Timbre con video Arcus,Tecnología,Smart Home,Arcus,316000,0,120,4.7,648,012.png,Timbre con video Arcus. Audio bidireccional y alertas al celular.,2026-02-23,"tecnologia,smart-home"
13,TEC-0013,Audífonos inalámbricos Bluetooth AudioMax Verde,Tecnología,Audio,AudioMax,326000,25,50,3.6,289,013.png,Audífonos inalámbricos Bluetooth AudioMax Verde. Cancelación de ruido y 30 h de batería.,2026-01-19,"tecnologia,audio,oferta"
14,TEC-0014,Parlante portátil resistente al agua Vibra Plata,Tecnología,Audio,Vibra,303000,15,35,4.7,821,014.png,Parlante portátil resistente al agua Vibra Plata. Sonido 360° y protección IPX7.,2025-09-23,"tecnologia,audio"
15,TEC-0015,Barra de sonido 2.1 Kordel Beige,Tecnología,Audio,Kordel,393000,0,3,4.5,1767,015.png,Barra de sonido 2.1 Kordel Beige. Subwoofer inalámbrico y HDMI ARC.,2026-06-08,"tecnologia,audio"
16,TEC-0016,Micrófono USB de condensador Sonix Negro,Tecnología,Audio,Sonix,166000,0,35,4.3,792,016.png,Micrófono USB de condensador Sonix Negro. Ideal para streaming y podcasts.,2025-09-03,"tecnologia,audio"
17,TEC-0017,Teclado mecánico retroiluminado TecnoPro Blanco,Tecnología,Accesorios,TecnoPro,330000,30,80,4.7,27,017.png,Teclado mecánico retroiluminado TecnoPro Blanco. Switches rojos y luz RGB.,2026-06-03,"tecnologia,accesorios,oferta"
18,TEC-0018,Mouse inalámbrico ergonómico Arcus Azul,Tecnología,Accesorios,Arcus,164000,15,20,3.6,894,018.png,Mouse inalámbrico ergonómico Arcus Azul. Sensor de 16000 DPI y batería recargable.,2026-04-20,"tecnologia,accesorios"
19,TEC-0019,Cargador rápido 65W GaN Kordel Gris,Tecnología,Accesorios,Kordel,119000,15,5,4.2,221,019.png,Cargador rápido 65W GaN Kordel Gris. Dos puertos USB-C y uno USB-A.,2025-11-27,"tecnologia,accesorios"
20,TEC-0020,Hub USB-C 7 en 1 Nexus Rojo,Tecnología,Accesorios,Nexus,215000,10,5,4.2,1598,020.png,"Hub USB-C 7 en 1 Nexus Rojo. HDMI 4K, lector SD y Ethernet.",2026-09-28,"tecnologia,accesorios,nuevo"
21,CEL-0021,Smartphone 128 GB Zenit,Celulares,Smartphones,Zenit,1958000,30,0,4.8,1707,021.png,Smartphone 128 GB Zenit. Pantalla AMOLED y cámara de 50 MP.,2025-11-18,"celulares,smartphones,oferta"
22,CEL-0022,Smartphone 256 GB 5G Orbita,Celulares,Smartphones,Orbita,2142000,10,3,3.5,999,022.png,Smartphone 256 GB 5G Orbita. Procesador de última generación y carga rápida.,2026-07-20,"celulares,smartphones"
23,CEL-0023,Smartphone plegable Kairo,Celulares,Smartphones,Kairo,6825000,0,50,4.8,342,023.png,Smartphone plegable Kairo. Pantalla flexible de 7.6 pulgadas.,2025-12-31,"celulares,smartphones"
24,CEL-0024,Funda antigolpes Arcus,Celulares,Accesorios celular,Arcus,59000,25,80,4.5,1416,024.png,Funda antigolpes Arcus. Bordes reforzados y agarre antideslizante.,2026-03-07,"celulares,accesorios-celular,oferta"
25,CEL-0025,Protector de pantalla vidrio templado Nexus,Celulares,Accesorios celular,Nexus,36000,25,20,4.1,1063,025.png,"Protector de pantalla vidrio templado Nexus. Dureza 9H, incluye kit de instalación.",2025-06-23,"celulares,accesorios-celular,oferta"
26,CEL-0026,Power bank 20000 mAh Zenit,Celulares,Accesorios celular,Zenit,85000,10,0,4.3,475,026.png,Power bank 20000 mAh Zenit. Carga rápida de 22.5 W y dos salidas.,2026-02-15,"celulares,accesorios-celular"
27,CEL-0027,Cable USB-C trenzado 2 m Arcus,Celulares,Accesorios celular,Arcus,18000,0,0,4.7,149,027.png,Cable USB-C trenzado 2 m Arcus. Soporta carga rápida y datos a 480 Mbps.,2025-04-20,"celulares,accesorios-celular"
28,CEL-0028,Reloj inteligente deportivo Lumex,Celulares,Wearables,Lumex,329000,30,5,4.5,1173,028.png,"Reloj inteligente deportivo Lumex. GPS, monitor cardíaco y 10 días de batería.",2025-06-01,"celulares,wearables,oferta"
29,CEL-0029,Banda de actividad física Orbita,Celulares,Wearables,Orbita,106000,30,8,3.5,1353,029.png,Banda de actividad física Orbita. Medición de sueño y pasos con pantalla AMOLED.,2025-07-14,"celulares,wearables,oferta"
30,CEL-0030,Smartphone 128 GB Kairo Azul,Celulares,Smartphones,Kairo,1444000,25,0,4.4,1327,030.png,Smartphone 128 GB Kairo Azul. Pantalla AMOLED y cámara de 50 MP.,2026-06-20,"celulares,smartphones,oferta"
31,CEL-0031,Smartphone 256 GB 5G Lumex Gris,Celulares,Smartphones,Lumex,1588000,20,3,3.8,393,031.png,Smartphone 256 GB 5G Lumex Gris. Procesador de última generación y carga rápida.,2025-06-26,"celulares,smartphones"
32,CEL-0032,Smartphone plegable Zenit Rojo,Celulares,Smartphones,Zenit,3977000,0,8,4.7,158,032.png,Smartphone plegable Zenit Rojo. Pantalla flexible de 7.6 pulgadas.,2025-07-02,"celulares,smartphones"
33,CEL-0033,Funda antigolpes Nexus Verde,Celulares,Accesorios celular,Nexus,78000,0,80,4.7,195,033.png,Funda antigolpes Nexus Verde. Bordes reforzados y agarre antideslizante.,2026-01-29,"celulares,accesorios-celular"
34,CEL-0034,Protector de pantalla vidrio templado Zenit Plata,Celulares,Accesorios celular,Zenit,20000,30,35,4.8,341,034.png,"Protector de pantalla vidrio templado Zenit Plata. Dureza 9H, incluye kit de instalación.",2025-09-05,"celulares,accesorios-celular,oferta"
35,CEL-0035,Power bank 20000 mAh Arcus Beige,Celulares,Accesorios celular,Arcus,70000,25,50,3.8,1430,035.png,Power bank 20000 mAh Arcus Beige. Carga rápida de 22.5 W y dos salidas.,2025-05-18,"celulares,accesorios-celular,oferta"
36,CEL-0036,Cable USB-C trenzado 2 m Nexus Negro,Celulares,Accesorios celular,Nexus,24000,15,0,4.3,1114,036.png,Cable USB-C trenzado 2 m Nexus Negro. Soporta carga rápida y datos a 480 Mbps.,2026-07-28,"celulares,accesorios-celular"
37,CEL-0037,Reloj inteligente deportivo Orbita Blanco,Celulares,Wearables,Orbita,711000,0,50,4.2,1750,037.png,"Reloj inteligente deportivo Orbita Blanco. GPS, monitor cardíaco y 10 días de batería.",2026-04-20,"celulares,wearables"
38,CEL-0038,Banda de actividad física Kairo Azul,Celulares,Wearables,Kairo,79000,0,3,4.3,1386,038.png,Banda de actividad física Kairo Azul. Medición de sueño y pasos con pantalla AMOLED.,2026-01-31,"celulares,wearables"
39,CEL-0039,Smartphone 128 GB Zenit Rojo,Celulares,Smartphones,Zenit,1548000,10,0,4.3,862,039.png,Smartphone 128 GB Zenit Rojo. Pantalla AMOLED y cámara de 50 MP.,2025-04-11,"celulares,smartphones"
40,CEL-0040,Smartphone 256 GB 5G Orbita Verde,Celulares,Smartphones,Orbita,2381000,15,20,3.8,814,040.png,Smartphone 256 GB 5G Orbita Verde. Procesador de última generación y carga rápida.,2026-05-17,"celulares,smartphones"
41,COM-0041,"Portátil 15.6"" Core i5 16 GB Vertex",Computadores,Portátiles,Vertex,3140000,15,3,3.4,1276,041.png,"Portátil 15.6"" Core i5 16 GB Vertex. SSD de 512 GB y pantalla Full HD.",2026-06-18,"computadores,portátiles"
42,COM-0042,Portátil gamer RTX 4060 Aluma,Computadores,Portátiles,Aluma,5027000,10,5,4.8,144,042.png,Portátil gamer RTX 4060 Aluma. Pantalla de 165 Hz y teclado RGB.,2026-01-21,"computadores,portátiles"
43,COM-0043,"Ultrabook 14"" Ryzen 7 Nordik",Computadores,Portátiles,Nordik,3491000,0,80,4.5,1256,043.png,"Ultrabook 14"" Ryzen 7 Nordik. Solo 1.3 kg y batería de 12 horas.",2026-09-20,"computadores,portátiles,nuevo"
44,COM-0044,"Chromebook 11.6"" Quantum",Computadores,Portátiles,Quantum,1217000,15,3,4.8,279,044.png,"Chromebook 11.6"" Quantum. Arranque en segundos y 64 GB.",2026-01-01,"computadores,portátiles"
45,COM-0045,"Monitor 24"" Full HD IPS Nordik",Computadores,Monitores,Nordik,490000,0,5,3.8,1242,045.png,"Monitor 24"" Full HD IPS Nordik. 75 Hz y bordes ultradelgados.",2026-02-25,"computadores,monitores"
46,COM-0046,"Monitor curvo 27"" 165 Hz Quantum",Computadores,Monitores,Quantum,1302000,10,12,4.2,518,046.png,"Monitor curvo 27"" 165 Hz Quantum. QHD con tiempo de respuesta de 1 ms.",2026-08-07,"computadores,monitores"
47,COM-0047,"Monitor 4K 32"" Vertex",Computadores,Monitores,Vertex,1402000,25,0,3.4,1583,047.png,"Monitor 4K 32"" Vertex. HDR400 y USB-C con carga de 65 W.",2026-05-18,"computadores,monitores,oferta"
48,COM-0048,SSD NVMe 1 TB Quantum,Computadores,Componentes,Quantum,386000,15,50,4.2,879,048.png,SSD NVMe 1 TB Quantum. Lectura de hasta 3500 MB/s.,2026-09-19,"computadores,componentes,nuevo"
49,COM-0049,Memoria RAM DDR5 32 GB (2x16) Nordik,Computadores,Componentes,Nordik,339000,0,20,4.3,307,049.png,Memoria RAM DDR5 32 GB (2x16) Nordik. 6000 MHz con disipador.,2025-07-15,"computadores,componentes"
50,COM-0050,Silla gamer ergonómica Aluma,Computadores,Componentes,Aluma,533000,15,0,4.7,434,050.png,Silla gamer ergonómica Aluma. Reclinable 180° con soporte lumbar.,2026-01-16,"computadores,componentes"
51,COM-0051,Disco duro externo 2 TB Quantum,Computadores,Componentes,Quantum,297000,20,35,4.9,1538,051.png,"Disco duro externo 2 TB Quantum. USB 3.0, compatible con Windows y Mac.",2026-04-23,"computadores,componentes"
52,COM-0052,"Portátil 15.6"" Core i5 16 GB Vertex Rojo",Computadores,Portátiles,Vertex,3496000,10,5,4.7,54,052.png,"Portátil 15.6"" Core i5 16 GB Vertex Rojo. SSD de 512 GB y pantalla Full HD.",2026-03-29,"computadores,portátiles"
53,COM-0053,Portátil gamer RTX 4060 Aluma Verde,Computadores,Portátiles,Aluma,7083000,20,35,4.6,1773,053.png,Portátil gamer RTX 4060 Aluma Verde. Pantalla de 165 Hz y teclado RGB.,2026-01-17,"computadores,portátiles"
54,COM-0054,"Ultrabook 14"" Ryzen 7 Nordik Plata",Computadores,Portátiles,Nordik,3327000,0,0,4.7,459,054.png,"Ultrabook 14"" Ryzen 7 Nordik Plata. Solo 1.3 kg y batería de 12 horas.",2026-03-08,"computadores,portátiles"
55,COM-0055,"Chromebook 11.6"" Quantum Beige",Computadores,Portátiles,Quantum,1299000,30,8,3.7,1355,055.png,"Chromebook 11.6"" Quantum Beige. Arranque en segundos y 64 GB.",2026-03-15,"computadores,portátiles,oferta"
56,COM-0056,"Monitor 24"" Full HD IPS Nordik Negro",Computadores,Monitores,Nordik,589000,15,12,3.9,1047,056.png,"Monitor 24"" Full HD IPS Nordik Negro. 75 Hz y bordes ultradelgados.",2025-08-15,"computadores,monitores"
57,COM-0057,"Monitor curvo 27"" 165 Hz Quantum Blanco",Computadores,Monitores,Quantum,1276000,20,3,4.7,538,057.png,"Monitor curvo 27"" 165 Hz Quantum Blanco. QHD con tiempo de respuesta de 1 ms.",2026-03-30,"computadores,monitores"
58,COM-0058,"Monitor 4K 32"" Vertex Azul",Computadores,Monitores,Vertex,1939000,15,0,4.3,711,058.png,"Monitor 4K 32"" Vertex Azul. HDR400 y USB-C con carga de 65 W.",2025-11-11,"computadores,monitores"
59,COM-0059,SSD NVMe 1 TB Quantum Gris,Computadores,Componentes,Quantum,333000,0,120,3.7,94,059.png,SSD NVMe 1 TB Quantum Gris. Lectura de hasta 3500 MB/s.,2025-07-09,"computadores,componentes"
60,COM-0060,Memoria RAM DDR5 32 GB (2x16) Nordik Rojo,Computadores,Componentes,Nordik,301000,10,3,4.8,680,060.png,Memoria RAM DDR5 32 GB (2x16) Nordik Rojo. 6000 MHz con disipador.,2025-11-11,"computadores,componentes"
61,HOG-0061,Lámpara de mesa nórdica Casanova,Hogar,Decoración,Casanova,150000,0,12,4.2,1369,061.png,Lámpara de mesa nórdica Casanova. Luz cálida regulable con base de madera.,2025-08-06,"hogar,decoración"
62,HOG-0062,Set de cojines decorativos x4 Nido,Hogar,Decoración,Nido,89000,15,8,4.0,780,062.png,Set de cojines decorativos x4 Nido. Fundas removibles de lino.,2026-04-03,"hogar,decoración"
63,HOG-0063,Espejo redondo de pared 60 cm Habitat,Hogar,Decoración,Habitat,243000,15,0,3.9,434,063.png,Espejo redondo de pared 60 cm Habitat. Marco metálico dorado.,2025-07-15,"hogar,decoración"
64,HOG-0064,Tapete moderno 160x230 Lino&Co,Hogar,Decoración,Lino&Co,447000,20,50,4.4,1050,064.png,Tapete moderno 160x230 Lino&Co. Fibra suave antimanchas.,2025-06-01,"hogar,decoración"
65,HOG-0065,Escritorio en L con estantes Habitat,Hogar,Muebles,Habitat,753000,0,12,4.2,1300,065.png,Escritorio en L con estantes Habitat. Melamina de alta densidad y fácil armado.,2025-10-20,"hogar,muebles"
66,HOG-0066,Biblioteca de 5 niveles Casanova,Hogar,Muebles,Casanova,248000,10,8,4.6,305,066.png,Biblioteca de 5 niveles Casanova. Estructura reforzada en madera.,2026-09-03,"hogar,muebles,nuevo"
67,HOG-0067,Sofá cama de 2 puestos Nido,Hogar,Muebles,Nido,955000,30,3,4.1,1293,067.png,Sofá cama de 2 puestos Nido. Tapizado en tela antifluidos.,2026-03-13,"hogar,muebles,oferta"
68,HOG-0068,Mesa de centro con almacenaje Habitat,Hogar,Muebles,Habitat,374000,25,8,3.6,1412,068.png,Mesa de centro con almacenaje Habitat. Diseño minimalista con dos cajones.,2026-09-23,"hogar,muebles,oferta,nuevo"
69,HOG-0069,Juego de sábanas 400 hilos Habitat,Hogar,Dormitorio,Habitat,316000,0,8,3.7,1429,069.png,"Juego de sábanas 400 hilos Habitat. Algodón percal, tamaño doble.",2025-04-16,"hogar,dormitorio"
70,HOG-0070,Almohada viscoelástica Lino&Co,Hogar,Dormitorio,Lino&Co,121000,10,3,4.1,1645,070.png,Almohada viscoelástica Lino&Co. Espuma con memoria y funda lavable.,2025-06-10,"hogar,dormitorio"
71,HOG-0071,Edredón reversible king Nido,Hogar,Dormitorio,Nido,414000,20,50,4.3,1477,071.png,Edredón reversible king Nido. Relleno hipoalergénico de microfibra.,2025-04-30,"hogar,dormitorio"
72,HOG-0072,Colchón semiortopédico doble Habitat,Hogar,Dormitorio,Habitat,1169000,30,50,4.1,1543,072.png,Colchón semiortopédico doble Habitat. Resortes independientes y espuma de alta densidad.,2026-01-18,"hogar,dormitorio,oferta"
73,HOG-0073,Lámpara de mesa nórdica Nido Verde,Hogar,Decoración,Nido,171000,15,80,4.1,493,073.png,Lámpara de mesa nórdica Nido Verde. Luz cálida regulable con base de madera.,2025-12-21,"hogar,decoración"
74,HOG-0074,Set de cojines decorativos x4 Habitat Plata,Hogar,Decoración,Habitat,100000,15,20,3.9,1110,074.png,Set de cojines decorativos x4 Habitat Plata. Fundas removibles de lino.,2026-07-08,"hogar,decoración"
75,HOG-0075,Espejo redondo de pared 60 cm Lino&Co Beige,Hogar,Decoración,Lino&Co,148000,10,5,4.5,135,075.png,Espejo redondo de pared 60 cm Lino&Co Beige. Marco metálico dorado.,2025-07-31,"hogar,decoración"
76,HOG-0076,Tapete moderno 160x230 Casanova Negro,Hogar,Decoración,Casanova,319000,30,8,4.6,801,076.png,Tapete moderno 160x230 Casanova Negro. Fibra suave antimanchas.,2026-09-08,"hogar,decoración,oferta,nuevo"
77,HOG-0077,Escritorio en L con estantes Casanova Blanco,Hogar,Muebles,Casanova,783000,25,20,3.8,802,077.png,Escritorio en L con estantes Casanova Blanco. Melamina de alta densidad y fácil armado.,2025-07-26,"hogar,muebles,oferta"
78,HOG-0078,Biblioteca de 5 niveles Nido Azul,Hogar,Muebles,Nido,381000,10,12,4.1,63,078.png,Biblioteca de 5 niveles Nido Azul. Estructura reforzada en madera.,2025-08-26,"hogar,muebles"
79,HOG-0079,Sofá cama de 2 puestos Habitat Gris,Hogar,Muebles,Habitat,1303000,25,50,4.8,1278,079.png,Sofá cama de 2 puestos Habitat Gris. Tapizado en tela antifluidos.,2026-09-01,"hogar,muebles,oferta,nuevo"
80,HOG-0080,Mesa de centro con almacenaje Casanova Rojo,Hogar,Muebles,Casanova,425000,0,35,3.6,949,080.png,Mesa de centro con almacenaje Casanova Rojo. Diseño minimalista con dos cajones.,2026-03-26,"hogar,muebles"
81,COC-0081,Freidora de aire 5.5 L Chefly,Cocina,Electrodomésticos,Chefly,192000,25,50,3.9,1562,081.png,"Freidora de aire 5.5 L Chefly. Cocina con poco aceite, 8 programas.",2025-09-05,"cocina,electrodomésticos,oferta"
82,COC-0082,Licuadora 1200 W Sazón,Cocina,Electrodomésticos,Sazón,171000,25,3,4.1,1538,082.png,Licuadora 1200 W Sazón. Vaso de vidrio y 6 velocidades.,2026-08-06,"cocina,electrodomésticos,oferta"
83,COC-0083,Cafetera de goteo 12 tazas Hogarix,Cocina,Electrodomésticos,Hogarix,240000,20,3,4.6,1338,083.png,Cafetera de goteo 12 tazas Hogarix. Programable con jarra térmica.,2026-08-18,"cocina,electrodomésticos,nuevo"
84,COC-0084,Microondas digital 25 L Cuisina,Cocina,Electrodomésticos,Cuisina,491000,10,0,4.3,492,084.png,Microondas digital 25 L Cuisina. Descongelación rápida y 10 potencias.,2026-05-22,"cocina,electrodomésticos"
85,COC-0085,Olla arrocera 1.8 L Chefly,Cocina,Electrodomésticos,Chefly,132000,0,8,4.1,528,085.png,Olla arrocera 1.8 L Chefly. Mantiene caliente por 12 horas.,2025-09-16,"cocina,electrodomésticos"
86,COC-0086,Set de sartenes antiadherentes x3 Chefly,Cocina,Utensilios,Chefly,152000,0,5,4.8,225,086.png,"Set de sartenes antiadherentes x3 Chefly. Aptas para inducción, sin PFOA.",2026-09-02,"cocina,utensilios,nuevo"
87,COC-0087,Juego de cuchillos de acero x6 Sazón,Cocina,Utensilios,Sazón,266000,25,8,3.5,1418,087.png,Juego de cuchillos de acero x6 Sazón. Con bloque de madera y afilador.,2026-01-23,"cocina,utensilios,oferta"
88,COC-0088,Batería de cocina 12 piezas Cuisina,Cocina,Utensilios,Cuisina,303000,15,120,4.6,1634,088.png,Batería de cocina 12 piezas Cuisina. Acero inoxidable con tapas de vidrio.,2026-08-17,"cocina,utensilios,nuevo"
89,COC-0089,Set de recipientes herméticos x10 Chefly,Cocina,Utensilios,Chefly,81000,25,3,4.2,702,089.png,"Set de recipientes herméticos x10 Chefly. Sin BPA, aptos para nevera y microondas.",2026-09-16,"cocina,utensilios,oferta,nuevo"
90,COC-0090,Freidora de aire 5.5 L Hogarix Azul,Cocina,Electrodomésticos,Hogarix,384000,30,20,4.4,1701,090.png,"Freidora de aire 5.5 L Hogarix Azul. Cocina con poco aceite, 8 programas.",2025-06-15,"cocina,electrodomésticos,oferta"
91,COC-0091,Licuadora 1200 W Cuisina Gris,Cocina,Electrodomésticos,Cuisina,266000,25,80,4.8,557,091.png,Licuadora 1200 W Cuisina Gris. Vaso de vidrio y 6 velocidades.,2025-05-21,"cocina,electrodomésticos,oferta"
92,COC-0092,Cafetera de goteo 12 tazas Chefly Rojo,Cocina,Electrodomésticos,Chefly,160000,15,8,4.6,181,092.png,Cafetera de goteo 12 tazas Chefly Rojo. Programable con jarra térmica.,2025-12-17,"cocina,electrodomésticos"
93,COC-0093,Microondas digital 25 L Sazón Verde,Cocina,Electrodomésticos,Sazón,527000,10,120,4.3,780,093.png,Microondas digital 25 L Sazón Verde. Descongelación rápida y 10 potencias.,2025-10-19,"cocina,electrodomésticos"
94,COC-0094,Olla arrocera 1.8 L Hogarix Plata,Cocina,Electrodomésticos,Hogarix,83000,20,8,3.9,533,094.png,Olla arrocera 1.8 L Hogarix Plata. Mantiene caliente por 12 horas.,2025-10-15,"cocina,electrodomésticos"
95,COC-0095,Set de sartenes antiadherentes x3 Sazón Beige,Cocina,Utensilios,Sazón,173000,15,80,4.8,179,095.png,"Set de sartenes antiadherentes x3 Sazón Beige. Aptas para inducción, sin PFOA.",2026-01-24,"cocina,utensilios"
96,COC-0096,Juego de cuchillos de acero x6 Cuisina Negro,Cocina,Utensilios,Cuisina,227000,30,8,4.4,1326,096.png,Juego de cuchillos de acero x6 Cuisina Negro. Con bloque de madera y afilador.,2025-05-14,"cocina,utensilios,oferta"
97,COC-0097,Batería de cocina 12 piezas Chefly Blanco,Cocina,Utensilios,Chefly,448000,0,8,4.0,502,097.png,Batería de cocina 12 piezas Chefly Blanco. Acero inoxidable con tapas de vidrio.,2025-11-19,"cocina,utensilios"
98,COC-0098,Set de recipientes herméticos x10 Sazón Azul,Cocina,Utensilios,Sazón,110000,20,80,3.9,1531,098.png,"Set de recipientes herméticos x10 Sazón Azul. Sin BPA, aptos para nevera y microondas.",2025-10-25,"cocina,utensilios"
99,COC-0099,Freidora de aire 5.5 L Chefly Rojo,Cocina,Electrodomésticos,Chefly,264000,30,12,3.7,1481,099.png,"Freidora de aire 5.5 L Chefly Rojo. Cocina con poco aceite, 8 programas.",2026-03-15,"cocina,electrodomésticos,oferta"
100,COC-0100,Licuadora 1200 W Sazón Verde,Cocina,Electrodomésticos,Sazón,179000,0,50,3.8,1211,100.png,Licuadora 1200 W Sazón Verde. Vaso de vidrio y 6 velocidades.,2025-04-09,"cocina,electrodomésticos"
101,MOD-0101,Camiseta básica de algodón Urbano,Moda hombre,Ropa,Urbano,63000,0,12,3.7,371,101.png,"Camiseta básica de algodón Urbano. Corte regular, 100 % algodón peinado.",2025-11-23,"moda,hombre,ropa"
102,MOD-0102,Jean slim fit Norte,Moda hombre,Ropa,Norte,92000,0,0,4.2,1432,102.png,Jean slim fit Norte. Denim elástico con lavado oscuro.,2026-05-22,"moda,hombre,ropa"
103,MOD-0103,Chaqueta impermeable Kaleo,Moda hombre,Ropa,Kaleo,326000,30,0,4.3,965,103.png,Chaqueta impermeable Kaleo. Capucha ajustable y bolsillos con cierre.,2025-05-26,"moda,hombre,ropa,oferta"
104,MOD-0104,Camisa manga larga oxford Strada,Moda hombre,Ropa,Strada,137000,0,12,4.8,982,104.png,Camisa manga larga oxford Strada. Tela antiarrugas para oficina.,2026-06-04,"moda,hombre,ropa"
105,MOD-0105,Sudadera con capucha Urbano,Moda hombre,Ropa,Urbano,213000,25,120,4.3,113,105.png,Sudadera con capucha Urbano. Felpa suave y bolsillo canguro.,2026-04-26,"moda,hombre,ropa,oferta"
106,MOD-0106,Zapatillas deportivas running Kaleo,Moda hombre,Calzado,Kaleo,205000,15,8,3.6,1569,106.png,Zapatillas deportivas running Kaleo. Suela amortiguada y malla transpirable.,2025-07-29,"moda,hombre,calzado"
107,MOD-0107,Zapatos casuales de cuero Norte,Moda hombre,Calzado,Norte,322000,10,35,4.1,910,107.png,Zapatos casuales de cuero Norte. Suela flexible y plantilla acolchada.,2025-11-28,"moda,hombre,calzado"
108,MOD-0108,Botas de trabajo con puntera Strada,Moda hombre,Calzado,Strada,439000,25,120,3.5,1519,108.png,Botas de trabajo con puntera Strada. Antideslizantes y resistentes al agua.,2026-06-19,"moda,hombre,calzado,oferta"
109,MOD-0109,Reloj analógico de acero Strada,Moda hombre,Accesorios hombre,Strada,500000,10,12,4.4,325,109.png,Reloj analógico de acero Strada. Resistente al agua 5 ATM.,2026-01-26,"moda,hombre,accesorios-hombre"
110,MOD-0110,Billetera de cuero con RFID Urbano,Moda hombre,Accesorios hombre,Urbano,81000,0,35,4.1,1220,110.png,Billetera de cuero con RFID Urbano. Múltiples compartimentos.,2025-06-04,"moda,hombre,accesorios-hombre"
111,MOD-0111,Correa de cuero reversible Norte,Moda hombre,Accesorios hombre,Norte,76000,10,12,4.5,933,111.png,Correa de cuero reversible Norte. Hebilla metálica giratoria.,2026-07-18,"moda,hombre,accesorios-hombre"
112,MOD-0112,Camiseta básica de algodón Urbano Rojo,Moda hombre,Ropa,Urbano,68000,15,120,4.4,409,112.png,"Camiseta básica de algodón Urbano Rojo. Corte regular, 100 % algodón peinado.",2025-07-20,"moda,hombre,ropa"
113,MOD-0113,Jean slim fit Norte Verde,Moda hombre,Ropa,Norte,106000,10,12,4.6,150,113.png,Jean slim fit Norte Verde. Denim elástico con lavado oscuro.,2026-07-29,"moda,hombre,ropa"
114,MOD-0114,Chaqueta impermeable Kaleo Plata,Moda hombre,Ropa,Kaleo,203000,15,120,4.8,903,114.png,Chaqueta impermeable Kaleo Plata. Capucha ajustable y bolsillos con cierre.,2026-05-24,"moda,hombre,ropa"
115,MOD-0115,Camisa manga larga oxford Strada Beige,Moda hombre,Ropa,Strada,141000,15,12,4.2,1015,115.png,Camisa manga larga oxford Strada Beige. Tela antiarrugas para oficina.,2025-07-07,"moda,hombre,ropa"
116,MOD-0116,Sudadera con capucha Urbano Negro,Moda hombre,Ropa,Urbano,102000,0,20,4.3,56,116.png,Sudadera con capucha Urbano Negro. Felpa suave y bolsillo canguro.,2026-06-27,"moda,hombre,ropa"
117,MOD-0117,Zapatillas deportivas running Kaleo Blanco,Moda hombre,Calzado,Kaleo,235000,0,12,4.3,1566,117.png,Zapatillas deportivas running Kaleo Blanco. Suela amortiguada y malla transpirable.,2026-04-02,"moda,hombre,calzado"
118,MOD-0118,Zapatos casuales de cuero Norte Azul,Moda hombre,Calzado,Norte,288000,30,5,4.9,896,118.png,Zapatos casuales de cuero Norte Azul. Suela flexible y plantilla acolchada.,2025-05-13,"moda,hombre,calzado,oferta"
119,MOD-0119,Botas de trabajo con puntera Strada Gris,Moda hombre,Calzado,Strada,471000,30,20,3.9,218,119.png,Botas de trabajo con puntera Strada Gris. Antideslizantes y resistentes al agua.,2026-04-17,"moda,hombre,calzado,oferta"
120,MOD-0120,Reloj analógico de acero Strada Rojo,Moda hombre,Accesorios hombre,Strada,259000,30,35,4.6,1130,120.png,Reloj analógico de acero Strada Rojo. Resistente al agua 5 ATM.,2026-08-22,"moda,hombre,accesorios-hombre,oferta,nuevo"
121,MOD-0121,Vestido casual estampado Aurora,Moda mujer,Ropa,Aurora,153000,20,3,4.9,831,121.png,Vestido casual estampado Aurora. Tela fresca con corte en A.,2025-04-20,"moda,mujer,ropa"
122,MOD-0122,Blusa de satín manga larga Lumina,Moda mujer,Ropa,Lumina,151000,0,80,4.1,115,122.png,Blusa de satín manga larga Lumina. Caída suave y cuello en V.,2026-03-20,"moda,mujer,ropa"
123,MOD-0123,Jean tiro alto skinny Bella,Moda mujer,Ropa,Bella,157000,30,0,3.7,1128,123.png,Jean tiro alto skinny Bella. Denim elástico y acabado desgastado.,2026-05-17,"moda,mujer,ropa,oferta"
124,MOD-0124,Chaqueta de mezclilla oversize Sienna,Moda mujer,Ropa,Sienna,278000,30,50,3.6,1294,124.png,Chaqueta de mezclilla oversize Sienna. Botones metálicos y bolsillos frontales.,2026-01-26,"moda,mujer,ropa,oferta"
125,MOD-0125,Conjunto deportivo de licra Aurora,Moda mujer,Ropa,Aurora,155000,15,80,4.0,464,125.png,Conjunto deportivo de licra Aurora. Compresión media y cintura alta.,2026-06-04,"moda,mujer,ropa"
126,MOD-0126,Tenis blancos urbanos Sienna,Moda mujer,Calzado,Sienna,222000,0,5,4.1,1471,126.png,Tenis blancos urbanos Sienna. Plataforma ligera y cordones planos.,2025-12-04,"moda,mujer,calzado"
127,MOD-0127,Sandalias de tacón bajo Aurora,Moda mujer,Calzado,Aurora,166000,15,50,4.9,503,127.png,Sandalias de tacón bajo Aurora. Correa ajustable y plantilla suave.,2025-06-18,"moda,mujer,calzado"
128,MOD-0128,Botines de cuero Bella,Moda mujer,Calzado,Bella,329000,25,120,4.2,283,128.png,Botines de cuero Bella. Cierre lateral y tacón de 5 cm.,2026-07-19,"moda,mujer,calzado,oferta"
129,MOD-0129,Bolso tote de cuero sintético Aurora,Moda mujer,Bolsos,Aurora,150000,25,80,3.8,9,129.png,Bolso tote de cuero sintético Aurora. Espacio para portátil de 14 pulgadas.,2025-12-13,"moda,mujer,bolsos,oferta"
130,MOD-0130,Mochila urbana antirrobo Lumina,Moda mujer,Bolsos,Lumina,192000,30,50,4.2,710,130.png,Mochila urbana antirrobo Lumina. Puerto USB y compartimentos ocultos.,2025-10-23,"moda,mujer,bolsos,oferta"
131,MOD-0131,Cartera de mano con cadena Bella,Moda mujer,Bolsos,Bella,136000,25,20,4.7,1432,131.png,Cartera de mano con cadena Bella. Cierre magnético y correa removible.,2026-01-27,"moda,mujer,bolsos,oferta"
132,MOD-0132,Vestido casual estampado Aurora Rojo,Moda mujer,Ropa,Aurora,171000,10,35,3.5,1529,132.png,Vestido casual estampado Aurora Rojo. Tela fresca con corte en A.,2025-06-01,"moda,mujer,ropa"
133,MOD-0133,Blusa de satín manga larga Lumina Verde,Moda mujer,Ropa,Lumina,138000,25,5,4.1,79,133.png,Blusa de satín manga larga Lumina Verde. Caída suave y cuello en V.,2026-05-22,"moda,mujer,ropa,oferta"
134,MOD-0134,Jean tiro alto skinny Bella Plata,Moda mujer,Ropa,Bella,155000,20,50,3.5,939,134.png,Jean tiro alto skinny Bella Plata. Denim elástico y acabado desgastado.,2026-09-13,"moda,mujer,ropa,nuevo"
135,MOD-0135,Chaqueta de mezclilla oversize Sienna Beige,Moda mujer,Ropa,Sienna,246000,25,5,3.5,1604,135.png,Chaqueta de mezclilla oversize Sienna Beige. Botones metálicos y bolsillos frontales.,2025-12-31,"moda,mujer,ropa,oferta"
136,MOD-0136,Conjunto deportivo de licra Aurora Negro,Moda mujer,Ropa,Aurora,111000,25,20,4.7,1763,136.png,Conjunto deportivo de licra Aurora Negro. Compresión media y cintura alta.,2025-09-04,"moda,mujer,ropa,oferta"
137,MOD-0137,Tenis blancos urbanos Sienna Blanco,Moda mujer,Calzado,Sienna,330000,30,0,4.3,484,137.png,Tenis blancos urbanos Sienna Blanco. Plataforma ligera y cordones planos.,2025-12-08,"moda,mujer,calzado,oferta"
138,MOD-0138,Sandalias de tacón bajo Aurora Azul,Moda mujer,Calzado,Aurora,240000,0,3,4.5,1445,138.png,Sandalias de tacón bajo Aurora Azul. Correa ajustable y plantilla suave.,2026-06-18,"moda,mujer,calzado"
139,MOD-0139,Botines de cuero Bella Gris,Moda mujer,Calzado,Bella,300000,15,0,3.9,118,139.png,Botines de cuero Bella Gris. Cierre lateral y tacón de 5 cm.,2025-12-02,"moda,mujer,calzado"
140,MOD-0140,Bolso tote de cuero sintético Aurora Rojo,Moda mujer,Bolsos,Aurora,165000,25,80,4.0,1400,140.png,Bolso tote de cuero sintético Aurora Rojo. Espacio para portátil de 14 pulgadas.,2026-03-28,"moda,mujer,bolsos,oferta"
141,DEP-0141,Mancuernas ajustables 20 kg Fortis,Deportes,Fitness,Fortis,238000,0,35,4.3,497,141.png,Mancuernas ajustables 20 kg Fortis. Sistema de cambio rápido de peso.,2025-05-07,"deportes,fitness"
142,DEP-0142,Tapete de yoga antideslizante Kinetic,Deportes,Fitness,Kinetic,113000,0,12,4.1,1369,142.png,"Tapete de yoga antideslizante Kinetic. 6 mm de grosor, incluye correa.",2026-09-19,"deportes,fitness,nuevo"
143,DEP-0143,Bicicleta estática plegable Aeris,Deportes,Fitness,Aeris,1124000,30,80,3.6,908,143.png,Bicicleta estática plegable Aeris. 8 niveles de resistencia y monitor.,2025-10-10,"deportes,fitness,oferta"
144,DEP-0144,Banda de resistencia x5 Vigor,Deportes,Fitness,Vigor,89000,15,35,4.4,939,144.png,Banda de resistencia x5 Vigor. Látex natural con manijas y anclaje.,2025-11-23,"deportes,fitness"
145,DEP-0145,Rueda abdominal doble Fortis,Deportes,Fitness,Fortis,47000,25,3,3.8,1175,145.png,Rueda abdominal doble Fortis. Agarre acolchado y base antideslizante.,2025-09-26,"deportes,fitness,oferta"
146,DEP-0146,Casco de ciclismo con luz LED Vigor,Deportes,Ciclismo y outdoor,Vigor,176000,15,0,4.6,814,146.png,Casco de ciclismo con luz LED Vigor. Ventilación y ajuste con dial.,2025-12-21,"deportes,ciclismo-y-outdoor"
147,DEP-0147,Carpa para 4 personas Kinetic,Deportes,Ciclismo y outdoor,Kinetic,253000,0,50,4.6,590,147.png,Carpa para 4 personas Kinetic. Doble capa impermeable.,2026-02-05,"deportes,ciclismo-y-outdoor"
148,DEP-0148,Mochila de hidratación 2 L Aeris,Deportes,Ciclismo y outdoor,Aeris,175000,20,8,4.3,1392,148.png,Mochila de hidratación 2 L Aeris. Ligera y con reflectivos.,2026-05-11,"deportes,ciclismo-y-outdoor"
149,DEP-0149,Botella térmica 1 L Vigor,Deportes,Ciclismo y outdoor,Vigor,107000,0,50,3.5,751,149.png,Botella térmica 1 L Vigor. Mantiene el frío por 24 horas.,2026-05-17,"deportes,ciclismo-y-outdoor"
150,DEP-0150,Balón de fútbol profesional #5 Fortis,Deportes,Fútbol y balones,Fortis,84000,15,35,3.7,274,150.png,Balón de fútbol profesional #5 Fortis. Costuras térmicas y gran durabilidad.,2025-09-19,"deportes,fútbol-y-balones"
151,DEP-0151,Guayos de fútbol césped natural Vigor,Deportes,Fútbol y balones,Vigor,325000,15,12,4.8,990,151.png,Guayos de fútbol césped natural Vigor. Suela de tacos y ajuste ceñido.,2025-11-30,"deportes,fútbol-y-balones"
152,DEP-0152,Mancuernas ajustables 20 kg Fortis Rojo,Deportes,Fitness,Fortis,434000,20,50,4.8,292,152.png,Mancuernas ajustables 20 kg Fortis Rojo. Sistema de cambio rápido de peso.,2026-02-09,"deportes,fitness"
153,DEP-0153,Tapete de yoga antideslizante Kinetic Verde,Deportes,Fitness,Kinetic,109000,25,80,3.9,1623,153.png,"Tapete de yoga antideslizante Kinetic Verde. 6 mm de grosor, incluye correa.",2025-08-20,"deportes,fitness,oferta"
154,DEP-0154,Bicicleta estática plegable Aeris Plata,Deportes,Fitness,Aeris,460000,0,12,4.3,1688,154.png,Bicicleta estática plegable Aeris Plata. 8 niveles de resistencia y monitor.,2025-09-13,"deportes,fitness"
155,DEP-0155,Banda de resistencia x5 Vigor Beige,Deportes,Fitness,Vigor,37000,10,120,4.7,1153,155.png,Banda de resistencia x5 Vigor Beige. Látex natural con manijas y anclaje.,2025-10-28,"deportes,fitness"
156,DEP-0156,Rueda abdominal doble Fortis Negro,Deportes,Fitness,Fortis,90000,10,50,4.8,622,156.png,Rueda abdominal doble Fortis Negro. Agarre acolchado y base antideslizante.,2025-08-06,"deportes,fitness"
157,DEP-0157,Casco de ciclismo con luz LED Vigor Blanco,Deportes,Ciclismo y outdoor,Vigor,108000,0,12,4.9,241,157.png,Casco de ciclismo con luz LED Vigor Blanco. Ventilación y ajuste con dial.,2026-06-21,"deportes,ciclismo-y-outdoor"
158,DEP-0158,Carpa para 4 personas Kinetic Azul,Deportes,Ciclismo y outdoor,Kinetic,351000,0,20,4.4,1525,158.png,Carpa para 4 personas Kinetic Azul. Doble capa impermeable.,2025-07-26,"deportes,ciclismo-y-outdoor"
159,DEP-0159,Mochila de hidratación 2 L Aeris Gris,Deportes,Ciclismo y outdoor,Aeris,172000,0,3,4.7,1264,159.png,Mochila de hidratación 2 L Aeris Gris. Ligera y con reflectivos.,2025-08-07,"deportes,ciclismo-y-outdoor"
160,DEP-0160,Botella térmica 1 L Vigor Rojo,Deportes,Ciclismo y outdoor,Vigor,135000,15,0,4.0,912,160.png,Botella térmica 1 L Vigor Rojo. Mantiene el frío por 24 horas.,2025-06-30,"deportes,ciclismo-y-outdoor"
161,JUG-0161,Set de bloques de construcción 500 piezas Ludix,Juguetes,Construcción,Ludix,252000,20,20,4.2,1324,161.png,Set de bloques de construcción 500 piezas Ludix. Compatible con las principales marcas.,2025-09-26,"juguetes,construcción"
162,JUG-0162,Kit de robótica educativo Peke,Juguetes,Construcción,Peke,176000,15,3,4.8,1691,162.png,"Kit de robótica educativo Peke. Programable con app, edad 8+.",2025-06-20,"juguetes,construcción"
163,JUG-0163,Circuito de carros con pista de 4 m Jugaland,Juguetes,Construcción,Jugaland,127000,10,120,4.9,107,163.png,Circuito de carros con pista de 4 m Jugaland. Incluye 2 carros y looping.,2025-10-22,"juguetes,construcción"
164,JUG-0164,Peluche oso gigante 80 cm Peke,Juguetes,Peluches y muñecas,Peke,99000,0,8,3.5,1571,164.png,Peluche oso gigante 80 cm Peke. Felpa suave hipoalergénica.,2026-02-28,"juguetes,peluches-y-muñecas"
165,JUG-0165,Casa de muñecas de madera Jugaland,Juguetes,Peluches y muñecas,Jugaland,338000,10,5,4.6,1224,165.png,Casa de muñecas de madera Jugaland. Incluye muebles y 4 figuras.,2026-09-26,"juguetes,peluches-y-muñecas,nuevo"
166,JUG-0166,Muñeca articulada con accesorios Ludix,Juguetes,Peluches y muñecas,Ludix,91000,0,80,3.8,361,166.png,Muñeca articulada con accesorios Ludix. Cabello peinable y ropa intercambiable.,2026-06-08,"juguetes,peluches-y-muñecas"
167,JUG-0167,Juego de mesa estratégico para familia Ludix,Juguetes,Juegos de mesa,Ludix,189000,0,20,4.6,491,167.png,"Juego de mesa estratégico para familia Ludix. 2 a 5 jugadores, +10 años.",2025-11-01,"juguetes,juegos-de-mesa"
168,JUG-0168,Rompecabezas 1000 piezas Jugaland,Juguetes,Juegos de mesa,Jugaland,41000,15,35,4.2,1531,168.png,Rompecabezas 1000 piezas Jugaland. Cartón reforzado con acabado mate.,2026-07-25,"juguetes,juegos-de-mesa"
169,JUG-0169,Set de ajedrez magnético Peke,Juguetes,Juegos de mesa,Peke,98000,20,3,4.1,457,169.png,Set de ajedrez magnético Peke. Tablero plegable con almacenamiento.,2026-08-15,"juguetes,juegos-de-mesa"
170,JUG-0170,Juego de cartas de fiesta Ludix,Juguetes,Juegos de mesa,Ludix,75000,15,0,3.5,984,170.png,Juego de cartas de fiesta Ludix. Ideal para reuniones de 3 a 10 personas.,2025-08-13,"juguetes,juegos-de-mesa"
171,JUG-0171,Set de bloques de construcción 500 piezas Jugaland Gris,Juguetes,Construcción,Jugaland,162000,0,50,3.5,169,171.png,Set de bloques de construcción 500 piezas Jugaland Gris. Compatible con las principales marcas.,2025-11-03,"juguetes,construcción"
172,JUG-0172,Kit de robótica educativo Ludix Rojo,Juguetes,Construcción,Ludix,318000,0,120,4.3,1127,172.png,"Kit de robótica educativo Ludix Rojo. Programable con app, edad 8+.",2025-10-31,"juguetes,construcción"
173,JUG-0173,Circuito de carros con pista de 4 m Peke Verde,Juguetes,Construcción,Peke,179000,15,120,4.0,1628,173.png,Circuito de carros con pista de 4 m Peke Verde. Incluye 2 carros y looping.,2026-06-03,"juguetes,construcción"
174,JUG-0174,Peluche oso gigante 80 cm Ludix Plata,Juguetes,Peluches y muñecas,Ludix,172000,10,8,4.0,1698,174.png,Peluche oso gigante 80 cm Ludix Plata. Felpa suave hipoalergénica.,2025-06-21,"juguetes,peluches-y-muñecas"
175,JUG-0175,Casa de muñecas de madera Peke Beige,Juguetes,Peluches y muñecas,Peke,288000,0,20,4.4,770,175.png,Casa de muñecas de madera Peke Beige. Incluye muebles y 4 figuras.,2026-04-25,"juguetes,peluches-y-muñecas"
176,JUG-0176,Muñeca articulada con accesorios Jugaland Negro,Juguetes,Peluches y muñecas,Jugaland,136000,30,3,3.5,201,176.png,Muñeca articulada con accesorios Jugaland Negro. Cabello peinable y ropa intercambiable.,2025-09-12,"juguetes,peluches-y-muñecas,oferta"
177,JUG-0177,Juego de mesa estratégico para familia Peke Blanco,Juguetes,Juegos de mesa,Peke,212000,0,80,4.2,1376,177.png,"Juego de mesa estratégico para familia Peke Blanco. 2 a 5 jugadores, +10 años.",2026-05-26,"juguetes,juegos-de-mesa"
178,JUG-0178,Rompecabezas 1000 piezas Ludix Azul,Juguetes,Juegos de mesa,Ludix,73000,25,0,4.9,1233,178.png,Rompecabezas 1000 piezas Ludix Azul. Cartón reforzado con acabado mate.,2025-11-13,"juguetes,juegos-de-mesa,oferta"
179,JUG-0179,Set de ajedrez magnético Jugaland Gris,Juguetes,Juegos de mesa,Jugaland,85000,10,50,3.7,225,179.png,Set de ajedrez magnético Jugaland Gris. Tablero plegable con almacenamiento.,2025-10-05,"juguetes,juegos-de-mesa"
180,JUG-0180,Juego de cartas de fiesta Peke Rojo,Juguetes,Juegos de mesa,Peke,81000,20,12,4.3,1657,180.png,Juego de cartas de fiesta Peke Rojo. Ideal para reuniones de 3 a 10 personas.,2025-07-16,"juguetes,juegos-de-mesa"
181,LIB-0181,Novela de ciencia ficción: Horizonte Roto,Libros,Novelas,Editorial Aurora,83000,0,12,3.4,563,181.png,"Novela de ciencia ficción: Horizonte Roto. Edición de bolsillo, 420 páginas.",2025-11-16,"libros,novelas"
182,LIB-0182,Novela histórica: El Último Cartógrafo,Libros,Novelas,Ediciones Norte,101000,20,0,4.7,1163,182.png,"Novela histórica: El Último Cartógrafo. Tapa blanda, 512 páginas.",2025-08-14,"libros,novelas"
183,LIB-0183,Novela de misterio: La Casa del Lago,Libros,Novelas,Sello Andino,43000,0,80,3.7,863,183.png,"Novela de misterio: La Casa del Lago. Best seller, 380 páginas.",2025-06-21,"libros,novelas"
184,LIB-0184,Novela juvenil: Cuando Cae la Niebla,Libros,Novelas,Editorial Aurora,52000,20,20,4.6,1166,184.png,Novela juvenil: Cuando Cae la Niebla. Primera parte de la saga.,2026-07-04,"libros,novelas"
185,LIB-0185,Introducción a las estructuras de datos en Java,Libros,Técnicos y académicos,Sello Andino,179000,0,120,3.5,171,185.png,Introducción a las estructuras de datos en Java. Con ejercicios resueltos y ejemplos en árboles.,2025-12-24,"libros,técnicos-y-académicos"
186,LIB-0186,Algoritmos y complejidad computacional,Libros,Técnicos y académicos,Editorial Aurora,159000,25,50,4.0,445,186.png,Algoritmos y complejidad computacional. Edición ampliada con problemas.,2025-04-22,"libros,técnicos-y-académicos,oferta"
187,LIB-0187,Bases de datos relacionales y NoSQL,Libros,Técnicos y académicos,Ediciones Norte,111000,25,120,4.1,1370,187.png,Bases de datos relacionales y NoSQL. Casos prácticos con SQL y MongoDB.,2025-11-17,"libros,técnicos-y-académicos,oferta"
188,LIB-0188,Estadística aplicada para ingeniería,Libros,Técnicos y académicos,Sello Andino,94000,25,0,3.4,621,188.png,Estadística aplicada para ingeniería. Enfoque práctico con Python.,2026-02-24,"libros,técnicos-y-académicos,oferta"
189,LIB-0189,Cuentos ilustrados para dormir,Libros,Infantil y desarrollo personal,Editorial Aurora,70000,15,3,3.4,1533,189.png,Cuentos ilustrados para dormir. Tapa dura con 20 historias.,2025-07-15,"libros,infantil-y-desarrollo-personal"
190,LIB-0190,Hábitos que transforman tu día,Libros,Infantil y desarrollo personal,Sello Andino,50000,25,8,4.2,1710,190.png,Hábitos que transforman tu día. Guía práctica con ejercicios.,2025-10-01,"libros,infantil-y-desarrollo-personal,oferta"
191,LIB-0191,Atlas del mundo para niños,Libros,Infantil y desarrollo personal,Editorial Aurora,65000,0,50,4.8,1769,191.png,Atlas del mundo para niños. Mapas ilustrados y datos curiosos.,2025-11-12,"libros,infantil-y-desarrollo-personal"
192,LIB-0192,Novela de ciencia ficción: Horizonte Roto,Libros,Novelas,Editorial Aurora,71000,25,35,3.8,833,192.png,"Novela de ciencia ficción: Horizonte Roto. Edición de bolsillo, 420 páginas.",2026-09-07,"libros,novelas,oferta,nuevo"
193,LIB-0193,Novela histórica: El Último Cartógrafo,Libros,Novelas,Ediciones Norte,103000,0,120,4.1,1416,193.png,"Novela histórica: El Último Cartógrafo. Tapa blanda, 512 páginas.",2025-09-23,"libros,novelas"
194,LIB-0194,Novela de misterio: La Casa del Lago,Libros,Novelas,Sello Andino,44000,0,120,4.0,165,194.png,"Novela de misterio: La Casa del Lago. Best seller, 380 páginas.",2025-08-19,"libros,novelas"
195,LIB-0195,Novela juvenil: Cuando Cae la Niebla,Libros,Novelas,Editorial Aurora,75000,20,5,3.5,1300,195.png,Novela juvenil: Cuando Cae la Niebla. Primera parte de la saga.,2026-06-04,"libros,novelas"
196,LIB-0196,Introducción a las estructuras de datos en Java,Libros,Técnicos y académicos,Sello Andino,145000,10,20,3.9,1681,196.png,Introducción a las estructuras de datos en Java. Con ejercicios resueltos y ejemplos en árboles.,2026-04-30,"libros,técnicos-y-académicos"
197,LIB-0197,Algoritmos y complejidad computacional,Libros,Técnicos y académicos,Editorial Aurora,136000,0,5,4.3,1560,197.png,Algoritmos y complejidad computacional. Edición ampliada con problemas.,2026-07-13,"libros,técnicos-y-académicos"
198,LIB-0198,Bases de datos relacionales y NoSQL,Libros,Técnicos y académicos,Ediciones Norte,118000,30,120,4.5,923,198.png,Bases de datos relacionales y NoSQL. Casos prácticos con SQL y MongoDB.,2025-11-02,"libros,técnicos-y-académicos,oferta"
199,LIB-0199,Estadística aplicada para ingeniería,Libros,Técnicos y académicos,Sello Andino,168000,20,3,4.1,1297,199.png,Estadística aplicada para ingeniería. Enfoque práctico con Python.,2025-11-22,"libros,técnicos-y-académicos"
200,LIB-0200,Cuentos ilustrados para dormir,Libros,Infantil y desarrollo personal,Editorial Aurora,71000,0,3,3.9,929,200.png,Cuentos ilustrados para dormir. Tapa dura con 20 historias.,2026-08-21,"libros,infantil-y-desarrollo-personal,nuevo"
201,BEL-0201,Sérum facial con vitamina C Dermia,Belleza,Cuidado de la piel,Dermia,50000,15,3,4.3,1042,201.png,"Sérum facial con vitamina C Dermia. Ilumina y unifica el tono, 30 ml.",2025-08-31,"belleza,cuidado-de-la-piel"
202,BEL-0202,Crema hidratante con ácido hialurónico Pura,Belleza,Cuidado de la piel,Pura,82000,0,120,4.4,662,202.png,Crema hidratante con ácido hialurónico Pura. Textura ligera para todo tipo de piel.,2025-05-29,"belleza,cuidado-de-la-piel"
203,BEL-0203,Protector solar facial SPF 50 Glow,Belleza,Cuidado de la piel,Glow,73000,0,20,4.9,176,203.png,Protector solar facial SPF 50 Glow. Sin brillo y resistente al agua.,2025-04-30,"belleza,cuidado-de-la-piel"
204,BEL-0204,Limpiador facial en gel Alma,Belleza,Cuidado de la piel,Alma,61000,0,50,4.9,1077,204.png,"Limpiador facial en gel Alma. Sin sulfatos, pH balanceado.",2025-04-11,"belleza,cuidado-de-la-piel"
205,BEL-0205,Paleta de sombras 18 tonos Alma,Belleza,Maquillaje,Alma,111000,20,12,4.0,1590,205.png,Paleta de sombras 18 tonos Alma. Acabados mate y satinado.,2025-10-17,"belleza,maquillaje"
206,BEL-0206,Base líquida cobertura media Pura,Belleza,Maquillaje,Pura,109000,0,20,3.5,197,206.png,"Base líquida cobertura media Pura. Duración de 12 horas, 20 tonos.",2025-08-29,"belleza,maquillaje"
207,BEL-0207,Labial mate de larga duración Glow,Belleza,Maquillaje,Glow,41000,0,120,4.4,720,207.png,Labial mate de larga duración Glow. Fórmula cremosa no resecante.,2025-11-15,"belleza,maquillaje"
208,BEL-0208,Máscara de pestañas voluminizadora Alma,Belleza,Maquillaje,Alma,93000,25,3,3.9,775,208.png,"Máscara de pestañas voluminizadora Alma. Cepillo curvo, fórmula a prueba de agua.",2025-10-27,"belleza,maquillaje,oferta"
209,BEL-0209,Secador de pelo iónico 2200 W Glow,Belleza,Cuidado personal,Glow,281000,0,35,4.2,41,209.png,Secador de pelo iónico 2200 W Glow. 3 temperaturas y difusor incluido.,2025-09-22,"belleza,cuidado-personal"
210,BEL-0210,Plancha alisadora de cerámica Dermia,Belleza,Cuidado personal,Dermia,152000,10,50,3.7,285,210.png,Plancha alisadora de cerámica Dermia. Placas flotantes y apagado automático.,2026-04-23,"belleza,cuidado-personal"
211,BEL-0211,Perfume floral 100 ml Alma,Belleza,Cuidado personal,Alma,140000,0,80,4.7,1082,211.png,Perfume floral 100 ml Alma. Notas de jazmín y vainilla.,2026-08-21,"belleza,cuidado-personal,nuevo"
212,BEL-0212,Afeitadora eléctrica recargable Glow,Belleza,Cuidado personal,Glow,216000,0,5,3.6,1706,212.png,"Afeitadora eléctrica recargable Glow. Cuchillas flexibles, uso en seco o húmedo.",2026-04-12,"belleza,cuidado-personal"
213,BEL-0213,Sérum facial con vitamina C Pura Verde,Belleza,Cuidado de la piel,Pura,114000,0,8,4.9,1254,213.png,"Sérum facial con vitamina C Pura Verde. Ilumina y unifica el tono, 30 ml.",2025-12-11,"belleza,cuidado-de-la-piel"
214,BEL-0214,Crema hidratante con ácido hialurónico Glow Plata,Belleza,Cuidado de la piel,Glow,108000,30,8,3.9,1660,214.png,Crema hidratante con ácido hialurónico Glow Plata. Textura ligera para todo tipo de piel.,2025-06-05,"belleza,cuidado-de-la-piel,oferta"
215,BEL-0215,Protector solar facial SPF 50 Alma Beige,Belleza,Cuidado de la piel,Alma,103000,10,120,4.9,949,215.png,Protector solar facial SPF 50 Alma Beige. Sin brillo y resistente al agua.,2025-12-14,"belleza,cuidado-de-la-piel"
216,BEL-0216,Limpiador facial en gel Dermia Negro,Belleza,Cuidado de la piel,Dermia,68000,25,8,4.6,287,216.png,"Limpiador facial en gel Dermia Negro. Sin sulfatos, pH balanceado.",2026-01-15,"belleza,cuidado-de-la-piel,oferta"
217,BEL-0217,Paleta de sombras 18 tonos Pura Blanco,Belleza,Maquillaje,Pura,55000,30,80,4.8,1460,217.png,Paleta de sombras 18 tonos Pura Blanco. Acabados mate y satinado.,2025-04-18,"belleza,maquillaje,oferta"
218,BEL-0218,Base líquida cobertura media Glow Azul,Belleza,Maquillaje,Glow,126000,15,5,3.8,1055,218.png,"Base líquida cobertura media Glow Azul. Duración de 12 horas, 20 tonos.",2026-05-01,"belleza,maquillaje"
219,BEL-0219,Labial mate de larga duración Alma Gris,Belleza,Maquillaje,Alma,71000,0,8,4.6,719,219.png,Labial mate de larga duración Alma Gris. Fórmula cremosa no resecante.,2026-09-01,"belleza,maquillaje,nuevo"
220,BEL-0220,Máscara de pestañas voluminizadora Pura Rojo,Belleza,Maquillaje,Pura,57000,25,8,4.0,171,220.png,"Máscara de pestañas voluminizadora Pura Rojo. Cepillo curvo, fórmula a prueba de agua.",2025-09-10,"belleza,maquillaje,oferta"
221,MAS-0221,Alimento premium para perro adulto 15 kg Huellitas,Mascotas,Perros,Huellitas,181000,20,20,4.6,285,221.png,Alimento premium para perro adulto 15 kg Huellitas. Con proteína de pollo y arroz.,2026-08-20,"mascotas,perros,nuevo"
222,MAS-0222,Cama ortopédica para perro grande PetVida,Mascotas,Perros,PetVida,169000,30,5,4.5,964,222.png,Cama ortopédica para perro grande PetVida. Espuma viscoelástica y funda lavable.,2025-06-26,"mascotas,perros,oferta"
223,MAS-0223,Correa retráctil 5 m Colita,Mascotas,Perros,Colita,69000,0,0,3.7,310,223.png,"Correa retráctil 5 m Colita. Bloqueo de seguridad, hasta 25 kg.",2025-07-22,"mascotas,perros"
224,MAS-0224,Juguete masticable resistente Huellitas,Mascotas,Perros,Huellitas,24000,15,3,3.5,863,224.png,Juguete masticable resistente Huellitas. Caucho natural que limpia los dientes.,2025-06-17,"mascotas,perros"
225,MAS-0225,Alimento para gato esterilizado 7.5 kg Huellitas,Mascotas,Gatos,Huellitas,137000,30,0,4.3,1181,225.png,Alimento para gato esterilizado 7.5 kg Huellitas. Control de peso y bolas de pelo.,2026-01-24,"mascotas,gatos,oferta"
226,MAS-0226,Rascador torre de 3 niveles Colita,Mascotas,Gatos,Colita,232000,15,120,3.9,1172,226.png,Rascador torre de 3 niveles Colita. Sisal natural y hamaca.,2025-07-29,"mascotas,gatos"
227,MAS-0227,Arenero cerrado con filtro PetVida,Mascotas,Gatos,PetVida,91000,0,20,3.5,1081,227.png,Arenero cerrado con filtro PetVida. Puerta batiente y pala incluida.,2025-04-27,"mascotas,gatos"
228,MAS-0228,Fuente de agua automática 2 L Huellitas,Mascotas,Gatos,Huellitas,132000,0,50,3.5,796,228.png,Fuente de agua automática 2 L Huellitas. Filtro de carbón y motor silencioso.,2025-09-11,"mascotas,gatos"
229,MAS-0229,Pecera de vidrio 60 L con filtro Colita,Mascotas,Acuarios y otros,Colita,336000,0,3,3.9,1505,229.png,Pecera de vidrio 60 L con filtro Colita. Incluye iluminación LED.,2026-06-14,"mascotas,acuarios-y-otros"
230,MAS-0230,Transportadora rígida para mascotas PetVida,Mascotas,Acuarios y otros,PetVida,190000,20,20,4.2,1670,230.png,Transportadora rígida para mascotas PetVida. Ventilación lateral y cierre seguro.,2026-04-02,"mascotas,acuarios-y-otros"
231,MAS-0231,Alimento premium para perro adulto 15 kg Colita Gris,Mascotas,Perros,Colita,266000,30,50,4.3,1665,231.png,Alimento premium para perro adulto 15 kg Colita Gris. Con proteína de pollo y arroz.,2026-05-13,"mascotas,perros,oferta"
232,MAS-0232,Cama ortopédica para perro grande Huellitas Rojo,Mascotas,Perros,Huellitas,131000,30,0,3.7,1624,232.png,Cama ortopédica para perro grande Huellitas Rojo. Espuma viscoelástica y funda lavable.,2026-03-08,"mascotas,perros,oferta"
233,MAS-0233,Correa retráctil 5 m PetVida Verde,Mascotas,Perros,PetVida,84000,20,80,4.0,1673,233.png,"Correa retráctil 5 m PetVida Verde. Bloqueo de seguridad, hasta 25 kg.",2025-06-01,"mascotas,perros"
234,MAS-0234,Juguete masticable resistente Colita Plata,Mascotas,Perros,Colita,30000,10,0,4.7,683,234.png,Juguete masticable resistente Colita Plata. Caucho natural que limpia los dientes.,2025-12-23,"mascotas,perros"
235,MAS-0235,Alimento para gato esterilizado 7.5 kg PetVida Beige,Mascotas,Gatos,PetVida,144000,20,35,4.5,795,235.png,Alimento para gato esterilizado 7.5 kg PetVida Beige. Control de peso y bolas de pelo.,2025-10-16,"mascotas,gatos"
236,MAS-0236,Rascador torre de 3 niveles Huellitas Negro,Mascotas,Gatos,Huellitas,276000,30,20,4.8,1067,236.png,Rascador torre de 3 niveles Huellitas Negro. Sisal natural y hamaca.,2025-12-29,"mascotas,gatos,oferta"
237,MAS-0237,Arenero cerrado con filtro Colita Blanco,Mascotas,Gatos,Colita,158000,25,120,4.9,373,237.png,Arenero cerrado con filtro Colita Blanco. Puerta batiente y pala incluida.,2025-12-02,"mascotas,gatos,oferta"
238,MAS-0238,Fuente de agua automática 2 L PetVida Azul,Mascotas,Gatos,PetVida,92000,0,12,3.9,1238,238.png,Fuente de agua automática 2 L PetVida Azul. Filtro de carbón y motor silencioso.,2025-07-19,"mascotas,gatos"
239,MAS-0239,Pecera de vidrio 60 L con filtro PetVida Gris,Mascotas,Acuarios y otros,PetVida,307000,30,0,4.5,726,239.png,Pecera de vidrio 60 L con filtro PetVida Gris. Incluye iluminación LED.,2025-07-10,"mascotas,acuarios-y-otros,oferta"
240,MAS-0240,Transportadora rígida para mascotas Colita Rojo,Mascotas,Acuarios y otros,Colita,126000,0,35,3.9,1644,240.png,Transportadora rígida para mascotas Colita Rojo. Ventilación lateral y cierre seguro.,2026-04-18,"mascotas,acuarios-y-otros"
